{
  "hash": "3452f6b9",
  "configHash": "13cc4804",
  "lockfileHash": "469acbb0",
  "browserHash": "1ebf307c",
  "optimized": {
    "@angular/common/http": {
      "src": "../../../../../../node_modules/@angular/common/fesm2022/http.mjs",
      "file": "@angular_common_http.js",
      "fileHash": "5f086421",
      "needsInterop": false
    },
    "@angular/core": {
      "src": "../../../../../../node_modules/@angular/core/fesm2022/core.mjs",
      "file": "@angular_core.js",
      "fileHash": "45e27880",
      "needsInterop": false
    },
    "@angular/platform-browser": {
      "src": "../../../../../../node_modules/@angular/platform-browser/fesm2022/platform-browser.mjs",
      "file": "@angular_platform-browser.js",
      "fileHash": "9f6ddbc0",
      "needsInterop": false
    },
    "@angular/router": {
      "src": "../../../../../../node_modules/@angular/router/fesm2022/router.mjs",
      "file": "@angular_router.js",
      "fileHash": "6c08433c",
      "needsInterop": false
    },
    "rxjs": {
      "src": "../../../../../../node_modules/rxjs/dist/esm5/index.js",
      "file": "rxjs.js",
      "fileHash": "e587b774",
      "needsInterop": false
    }
  },
  "chunks": {
    "chunk-5WYT5QJG": {
      "file": "chunk-5WYT5QJG.js"
    },
    "chunk-GRPOLSW6": {
      "file": "chunk-GRPOLSW6.js"
    },
    "chunk-67NM7YT2": {
      "file": "chunk-67NM7YT2.js"
    },
    "chunk-S35MAB2V": {
      "file": "chunk-S35MAB2V.js"
    }
  }
}